dataset,method,Score_Fidelity,Score_Utility,Score_Consistency,Score_Robustness,Quality_Index
football,EC-SBM,0.5384911248993894,0.8616016231081265,1.0,1.0,0.7900324618026306
football,RECCS,0.47666445283199665,0.9865518039421886,1.0,0.43287988966342983,0.6987016678036507
football,VAE,0.5151096016382206,0.0,0.0,0.0,0.18028836057337722
karate,VAE,0.8941085023656205,1.0,1.0,0.8221933210010784,0.9273766400281828
karate,RECCS,0.28250786799060507,0.34312013918729817,0.5,0.3789532280320963,0.34476044811868534
karate,EC-SBM,0.3487685044887226,0.08994736863741759,0.0,0.5,0.2535505555941491
polbooks,VAE,0.8571428571428571,0.0,1.0,1.0,0.6000000000000001
polbooks,RECCS,0.3712368217249776,1.0,0.0,0.44853118617884125,0.5696391248395103
polbooks,EC-SBM,0.16032864897501684,0.8406500569194423,0.4,0.0,0.3903425470630607
